run_dir,timing_mode,input_location,prebuild_inputs,cpu_input_dtype,mcs_index,mcs_qm,mcs_code_rate_x1024,mother_code_rate,rate_matching_enabled,snr_index,snr_db,noise_sigma,num_codeblocks,llr_len,msg_bits_per_cb,msg_bytes_per_cb,base_graph,zc,n_rows,aerial_input_len,aerial_prepend_punctured_llrs,group_cbs,grouping_mode,decoder_api,explicit_method_name,num_groups,first_group_tb_size,first_group_rate_match_len,code_rate,rv,num_iterations,llr_sign,llr_scale,throughput_mode,warmup_repeats,measured_repeats,total_elapsed_ms,mean_pass_ms,std_pass_ms,min_pass_ms,max_pass_ms,mean_us_per_codeblock,std_us_per_codeblock,min_us_per_codeblock,max_us_per_codeblock,mean_host_call_us_per_codeblock,std_host_call_us_per_codeblock,min_host_call_us_per_codeblock,max_host_call_us_per_codeblock,codeblocks_per_second,information_mbps,aerial_bit_errors,aerial_total_bits,aerial_ber,aerial_block_errors,aerial_total_blocks,aerial_bler
/opt/nvidia/cuBB/pyaerial/notebooks/ldpc_final_tesc/mcs_05/snr_00,gpu_decode_only,gpu,True,float32,5,2,379,0.3701171875,False,0,0,1,1024,2360,880,110,1,40,39,2440,80,1024,explicit_codeblocks,explicit,decode_codeblocks_explicit,1,0,2416640,0.0,0,5,1.0,1.0,True,50,1000,1902.994041909551,1.902994041909551,0.04113884769433374,1.8759389968181495,2.0876999988104217,1.858392619052296,0.0401746559514978,1.831971676580224,2.0387695300883024,0.06390573830827861,0.012727839967680739,0.04957324151178,0.209917967453066,538099.4251419052,473.52749412487657,270738,901120,0.30044611150568185,1024,1024,1.0
/opt/nvidia/cuBB/pyaerial/notebooks/ldpc_final_tesc/mcs_05/snr_00,gpu_plus_bus,cpu,True,float32,5,2,379,0.3701171875,False,0,0,1,1024,2360,880,110,1,40,39,2440,80,1024,explicit_codeblocks,explicit,decode_codeblocks_explicit,1,0,2416640,0.0,0,5,1.0,1.0,True,50,1000,9553.577020997182,9.553577020997182,0.7060386017693184,8.087165999313584,11.579785001231357,9.32966505956756,0.6894908220403501,7.8976230462046715,11.308383790264998,9.322394423790572,0.6886336476504105,7.890625976614274,11.299120117769235,107184.98398551845,94.32278590725625,,901120,,,1024,
/opt/nvidia/cuBB/pyaerial/notebooks/ldpc_final_tesc/mcs_05/snr_01,gpu_decode_only,gpu,True,float32,5,2,379,0.3701171875,False,1,6,0.501187233627272,1024,2360,880,110,1,40,39,2440,80,1024,explicit_codeblocks,explicit,decode_codeblocks_explicit,1,0,2416640,0.0,0,5,1.0,1.0,True,50,1000,1899.758879935689,1.899758879935689,0.03185595959624784,1.882280001154868,2.062824001768604,1.8552332811871963,0.031109335543210777,1.8381640636278007,2.0144765642271523,0.06064207126499355,0.01430716898065788,0.04821386667686056,0.25887402443913743,539015.772377737,474.3338796924086,0,901120,0.0,0,1024,0.0
/opt/nvidia/cuBB/pyaerial/notebooks/ldpc_final_tesc/mcs_05/snr_01,gpu_plus_bus,cpu,True,float32,5,2,379,0.3701171875,False,1,6,0.501187233627272,1024,2360,880,110,1,40,39,2440,80,1024,explicit_codeblocks,explicit,decode_codeblocks_explicit,1,0,2416640,0.0,0,5,1.0,1.0,True,50,1000,9509.764582981006,9.509764582981006,0.7358231473130271,8.075895999354543,13.601457998447586,9.286879475567387,0.7185772922978779,7.886617186869671,13.28267382660897,9.279838863303524,0.7177711239172179,7.881954100952271,13.271147462745603,107678.79594333857,94.75734043013794,,901120,,,1024,
/opt/nvidia/cuBB/pyaerial/notebooks/ldpc_final_tesc/mcs_05/snr_02,gpu_decode_only,gpu,True,float32,5,2,379,0.3701171875,False,2,12,0.251188643150958,1024,2360,880,110,1,40,39,2440,80,1024,explicit_codeblocks,explicit,decode_codeblocks_explicit,1,0,2416640,0.0,0,5,1.0,1.0,True,50,1000,1898.205654033518,1.898205654033518,0.028855210200127535,1.8836639974324498,2.0662819988501724,1.8537164590171074,0.02817891621106204,1.8395156224926268,2.0178535145021215,0.06269038572526142,0.015821639072313817,0.04839062484052192,0.4393066426189307,539456.8274644484,474.72200816871464,0,901120,0.0,0,1024,0.0
/opt/nvidia/cuBB/pyaerial/notebooks/ldpc_final_tesc/mcs_05/snr_02,gpu_plus_bus,cpu,True,float32,5,2,379,0.3701171875,False,2,12,0.251188643150958,1024,2360,880,110,1,40,39,2440,80,1024,explicit_codeblocks,explicit,decode_codeblocks_explicit,1,0,2416640,0.0,0,5,1.0,1.0,True,50,1000,9386.810073097877,9.386810073097877,0.709942117776764,7.871191999583971,13.312784001755062,9.166806712009645,0.6933028493913711,7.686710937093721,13.000765626713928,9.159371445392138,0.6923079314094301,7.681714844665066,12.991348633306643,109089.24246104991,95.99853336572393,,901120,,,1024,
/opt/nvidia/cuBB/pyaerial/notebooks/ldpc_final_tesc/mcs_05/snr_03,gpu_decode_only,gpu,True,float32,5,2,379,0.3701171875,False,3,18,0.125892541179417,1024,2360,880,110,1,40,39,2440,80,1024,explicit_codeblocks,explicit,decode_codeblocks_explicit,1,0,2416640,0.0,0,5,1.0,1.0,True,50,1000,1891.9813440079452,1.8919813440079452,0.0037626541931758345,1.8828620013664477,1.919949001603527,1.847638031257759,0.0036744669855232758,1.8387324232094215,1.8749501968784443,0.057473455935763695,0.008824424960406965,0.04792773466988365,0.122548826197999,541231.5524373901,476.2837661449033,0,901120,0.0,0,1024,0.0
/opt/nvidia/cuBB/pyaerial/notebooks/ldpc_final_tesc/mcs_05/snr_03,gpu_plus_bus,cpu,True,float32,5,2,379,0.3701171875,False,3,18,0.125892541179417,1024,2360,880,110,1,40,39,2440,80,1024,explicit_codeblocks,explicit,decode_codeblocks_explicit,1,0,2416640,0.0,0,5,1.0,1.0,True,50,1000,9272.544553015905,9.272544553015905,0.656321187152797,7.821153998520458,11.13387499935925,9.055219290054596,0.6409386593289033,7.637845701680135,10.872924804061768,9.048086144584744,0.6401195127506164,7.632680663505198,10.860253908617779,110433.54864948509,97.1815228115469,,901120,,,1024,
/opt/nvidia/cuBB/pyaerial/notebooks/ldpc_final_tesc/mcs_05/snr_04,gpu_decode_only,gpu,True,float32,5,2,379,0.3701171875,False,4,24,0.0630957344480193,1024,2360,880,110,1,40,39,2440,80,1024,explicit_codeblocks,explicit,decode_codeblocks_explicit,1,0,2416640,0.0,0,5,1.0,1.0,True,50,1000,1896.9653639869648,1.8969653639869648,0.02266694613409305,1.8827499989129137,2.059579997876426,1.8525052382685203,0.022135689584075247,1.8386230458133923,2.0113085916761975,0.06397842098948558,0.011836053901569759,0.048739259739249974,0.18890917985459055,539809.5397207455,475.03239495425606,0,901120,0.0,0,1024,0.0
/opt/nvidia/cuBB/pyaerial/notebooks/ldpc_final_tesc/mcs_05/snr_04,gpu_plus_bus,cpu,True,float32,5,2,379,0.3701171875,False,4,24,0.0630957344480193,1024,2360,880,110,1,40,39,2440,80,1024,explicit_codeblocks,explicit,decode_codeblocks_explicit,1,0,2416640,0.0,0,5,1.0,1.0,True,50,1000,9238.357489000919,9.238357489000919,0.6559160028588241,7.8302919973793905,11.31910200274433,9.02183348535246,0.6405429715418204,7.646769528690811,11.05381054955501,9.01487388963318,0.6398607511965394,7.642158202258997,11.040400391237881,110842.21423766752,97.54114852914742,,901120,,,1024,
/opt/nvidia/cuBB/pyaerial/notebooks/ldpc_final_tesc/mcs_05/snr_05,gpu_decode_only,gpu,True,float32,5,2,379,0.3701171875,False,5,30,0.0316227766016838,1024,2360,880,110,1,40,39,2440,80,1024,explicit_codeblocks,explicit,decode_codeblocks_explicit,1,0,2416640,0.0,0,5,1.0,1.0,True,50,1000,1901.7370530345943,1.9017370530345943,0.038060682821919656,1.8827259991667233,2.0697090003523044,1.857165090854096,0.037168635568280914,1.8385996085612533,2.0212001956565473,0.06071782706484896,0.00930602734942016,0.048983398670543465,0.10924023285951989,538455.0920780596,473.84048102869235,0,901120,0.0,0,1024,0.0
/opt/nvidia/cuBB/pyaerial/notebooks/ldpc_final_tesc/mcs_05/snr_05,gpu_plus_bus,cpu,True,float32,5,2,379,0.3701171875,False,5,30,0.0316227766016838,1024,2360,880,110,1,40,39,2440,80,1024,explicit_codeblocks,explicit,decode_codeblocks_explicit,1,0,2416640,0.0,0,5,1.0,1.0,True,50,1000,10211.054437000712,10.211054437000712,1.9779149336332553,7.850776997656794,19.739277002372546,9.971732848633506,1.931557552376226,7.666774411774213,19.27663769762944,9.963705558583058,1.9294558259663708,7.661836914252262,19.26000292939989,100283.47281054933,88.2494560732834,,901120,,,1024,
/opt/nvidia/cuBB/pyaerial/notebooks/ldpc_final_tesc/mcs_09/snr_00,gpu_decode_only,gpu,True,float32,9,2,679,0.6630859375,False,0,0,1,1024,2376,1584,198,1,72,13,2520,144,1024,explicit_codeblocks,explicit,decode_codeblocks_explicit,1,0,2433024,0.0,0,5,1.0,1.0,True,50,1000,1858.7434820146882,1.8587434820146882,0.0060121619392908745,1.848838001023978,1.9117720003123395,1.815179181654969,0.005871251893838745,1.8055058603749785,1.866964844055019,0.0632714482158292,0.015285228627214749,0.04930175734330078,0.20032714687090447,550909.8000387275,872.6411232613444,439152,1622016,0.27074455492424243,1024,1024,1.0
/opt/nvidia/cuBB/pyaerial/notebooks/ldpc_final_tesc/mcs_09/snr_00,gpu_plus_bus,cpu,True,float32,9,2,679,0.6630859375,False,0,0,1,1024,2376,1584,198,1,72,13,2520,144,1024,explicit_codeblocks,explicit,decode_codeblocks_explicit,1,0,2433024,0.0,0,5,1.0,1.0,True,50,1000,9355.87849500007,9.35587849500007,0.6752805960830495,8.460042998194695,13.957782000943553,9.136600092773506,0.6594537071123531,8.261760740424506,13.630646485296438,9.13028369039992,0.6586625220679128,8.255065431228559,13.619850584234428,109449.9036672229,173.36864740888106,,1622016,,,1024,
/opt/nvidia/cuBB/pyaerial/notebooks/ldpc_final_tesc/mcs_09/snr_01,gpu_decode_only,gpu,True,float32,9,2,679,0.6630859375,False,1,6,0.501187233627272,1024,2376,1584,198,1,72,13,2520,144,1024,explicit_codeblocks,explicit,decode_codeblocks_explicit,1,0,2433024,0.0,0,5,1.0,1.0,True,50,1000,1857.2339039055805,1.8572339039055805,0.0038773493608002755,1.848842999606859,1.8833239992090967,1.8137049842827935,0.003786473985156519,1.8055107418035732,1.8391835929776335,0.05974649217321826,0.009565586900824126,0.04910546635983337,0.1425605482552328,551357.5849798071,873.3504146080145,138421,1622016,0.08533886225536616,1024,1024,1.0
/opt/nvidia/cuBB/pyaerial/notebooks/ldpc_final_tesc/mcs_09/snr_01,gpu_plus_bus,cpu,True,float32,9,2,679,0.6630859375,False,1,6,0.501187233627272,1024,2376,1584,198,1,72,13,2520,144,1024,explicit_codeblocks,explicit,decode_codeblocks_explicit,1,0,2433024,0.0,0,5,1.0,1.0,True,50,1000,9303.909449965431,9.303909449965431,0.5885703194251499,8.471313001791714,11.452777998783858,9.085849072231868,0.5747757025636229,8.27276660331222,11.184353514437362,9.079535471659739,0.5741568067907271,8.267306640163952,11.173832032085329,110061.2603236164,174.33703635260838,,1622016,,,1024,
/opt/nvidia/cuBB/pyaerial/notebooks/ldpc_final_tesc/mcs_09/snr_02,gpu_decode_only,gpu,True,float32,9,2,679,0.6630859375,False,2,12,0.251188643150958,1024,2376,1584,198,1,72,13,2520,144,1024,explicit_codeblocks,explicit,decode_codeblocks_explicit,1,0,2433024,0.0,0,5,1.0,1.0,True,50,1000,1869.0255370056548,1.8690255370056548,0.040791721918918195,1.8494729993108194,2.0285650025471114,1.8252202509820847,0.039835665936443554,1.806125975889472,1.9810205102999134,0.060914475664475276,0.012186714681770818,0.04900097749782617,0.22385546927239375,547879.0844348436,867.8404697447922,0,1622016,0.0,0,1024,0.0
/opt/nvidia/cuBB/pyaerial/notebooks/ldpc_final_tesc/mcs_09/snr_02,gpu_plus_bus,cpu,True,float32,9,2,679,0.6630859375,False,2,12,0.251188643150958,1024,2376,1584,198,1,72,13,2520,144,1024,explicit_codeblocks,explicit,decode_codeblocks_explicit,1,0,2433024,0.0,0,5,1.0,1.0,True,50,1000,9699.411871930351,9.699411871930351,0.6725455395907546,8.307511001476087,12.233885998284677,9.472081906181984,0.6567827535065963,8.112803712378991,11.94715429519988,9.46512616207329,0.6560273385738249,8.107496093145983,11.936001953927189,105573.41141099582,167.22828367501737,,1622016,,,1024,
/opt/nvidia/cuBB/pyaerial/notebooks/ldpc_final_tesc/mcs_09/snr_03,gpu_decode_only,gpu,True,float32,9,2,679,0.6630859375,False,3,18,0.125892541179417,1024,2376,1584,198,1,72,13,2520,144,1024,explicit_codeblocks,explicit,decode_codeblocks_explicit,1,0,2433024,0.0,0,5,1.0,1.0,True,50,1000,1860.064096039423,1.860064096039423,0.007083533860762035,1.8483259991626255,1.9342330015206244,1.816468843788499,0.006917513535900425,1.8050058585572515,1.8888994155474848,0.06737608008222651,0.019067061066032932,0.04900878991520585,0.22225390594599048,550518.6634054017,872.0215628341564,0,1622016,0.0,0,1024,0.0
/opt/nvidia/cuBB/pyaerial/notebooks/ldpc_final_tesc/mcs_09/snr_03,gpu_plus_bus,cpu,True,float32,9,2,679,0.6630859375,False,3,18,0.125892541179417,1024,2376,1584,198,1,72,13,2520,144,1024,explicit_codeblocks,explicit,decode_codeblocks_explicit,1,0,2433024,0.0,0,5,1.0,1.0,True,50,1000,9677.156086992909,9.677156086992909,0.6876703275739406,8.232691001467174,13.292387997353217,9.450347741204013,0.6715530542714263,8.039737306120287,12.98084765366525,9.443282896523188,0.6706917001324895,8.0346220698857,12.973200195887102,105816.21199397219,167.61287979845193,,1622016,,,1024,
/opt/nvidia/cuBB/pyaerial/notebooks/ldpc_final_tesc/mcs_09/snr_04,gpu_decode_only,gpu,True,float32,9,2,679,0.6630859375,False,4,24,0.0630957344480193,1024,2376,1584,198,1,72,13,2520,144,1024,explicit_codeblocks,explicit,decode_codeblocks_explicit,1,0,2433024,0.0,0,5,1.0,1.0,True,50,1000,1857.8822840463545,1.8578822840463545,0.003861612033077032,1.8466020010237116,1.888449001853587,1.814338168014018,0.0037711055010517893,1.8033222666247184,1.8441884783726437,0.0614072880864569,0.009581476420728955,0.04923828100800165,0.1480058600122902,551165.1673483803,873.0456250798345,0,1622016,0.0,0,1024,0.0
/opt/nvidia/cuBB/pyaerial/notebooks/ldpc_final_tesc/mcs_09/snr_04,gpu_plus_bus,cpu,True,float32,9,2,679,0.6630859375,False,4,24,0.0630957344480193,1024,2376,1584,198,1,72,13,2520,144,1024,explicit_codeblocks,explicit,decode_codeblocks_explicit,1,0,2433024,0.0,0,5,1.0,1.0,True,50,1000,9053.286819991627,9.053286819991627,0.5576192313341173,8.286534000944812,10.956578000332229,8.841100410148073,0.544550030599724,8.092318360297668,10.699783203449442,8.834794100653909,0.5440157867721208,8.086959962128049,10.69002441411726,113108.09216148827,179.16321798379744,,1622016,,,1024,
/opt/nvidia/cuBB/pyaerial/notebooks/ldpc_final_tesc/mcs_09/snr_05,gpu_decode_only,gpu,True,float32,9,2,679,0.6630859375,False,5,30,0.0316227766016838,1024,2376,1584,198,1,72,13,2520,144,1024,explicit_codeblocks,explicit,decode_codeblocks_explicit,1,0,2433024,0.0,0,5,1.0,1.0,True,50,1000,1862.705510964588,1.862705510964588,0.029501733425402698,1.8479020000086166,2.0247560023562983,1.8190483505513555,0.028810286548244822,1.8045917968834146,1.9773007835510725,0.05933809769231857,0.009929669664395275,0.04885546900368354,0.15023144683823375,549737.9988260888,870.7849901405248,0,1622016,0.0,0,1024,0.0
/opt/nvidia/cuBB/pyaerial/notebooks/ldpc_final_tesc/mcs_09/snr_05,gpu_plus_bus,cpu,True,float32,9,2,679,0.6630859375,False,5,30,0.0316227766016838,1024,2376,1584,198,1,72,13,2520,144,1024,explicit_codeblocks,explicit,decode_codeblocks_explicit,1,0,2433024,0.0,0,5,1.0,1.0,True,50,1000,9176.873446929676,9.176873446929676,0.80281495084497,8.291293001093436,15.374090002296725,8.96179047551726,0.7839989754345411,8.096965821380309,15.013759767867896,8.955178624049152,0.7835355168488043,8.091683593391963,15.006743165457692,111584.84487356657,176.75039427972945,,1622016,,,1024,
/opt/nvidia/cuBB/pyaerial/notebooks/ldpc_final_tesc/mcs_11/snr_00,gpu_decode_only,gpu,True,float32,11,4,378,0.369140625,False,0,0,1,1024,4800,1760,220,1,80,40,4960,160,1024,explicit_codeblocks,explicit,decode_codeblocks_explicit,1,0,4915200,0.0,0,5,1.0,1.0,True,50,1000,2096.582696914993,2.096582696914993,0.010082371364778872,2.0760760016855784,2.1778890004497953,2.047444039956048,0.009846065785916867,2.0274179703960726,2.126844727001753,0.062461752921905145,0.016786763163153327,0.04887207083470457,0.23208300703458917,488413.83719648176,859.6083534658079,721179,1802240,0.40015702681107956,1024,1024,1.0
/opt/nvidia/cuBB/pyaerial/notebooks/ldpc_final_tesc/mcs_11/snr_00,gpu_plus_bus,cpu,True,float32,11,4,378,0.369140625,False,0,0,1,1024,4800,1760,220,1,80,40,4960,160,1024,explicit_codeblocks,explicit,decode_codeblocks_explicit,1,0,4915200,0.0,0,5,1.0,1.0,True,50,1000,15185.200486052054,15.185200486052054,1.0493087511624923,13.873434996639844,17.90478699695086,14.829297349660209,1.0247155773071215,13.548276363906098,17.485143551709825,14.822354290064512,1.0236197057597034,13.542183591397361,17.47574609467506,67434.07839366802,118.68397797285573,,1802240,,,1024,
/opt/nvidia/cuBB/pyaerial/notebooks/ldpc_final_tesc/mcs_11/snr_01,gpu_decode_only,gpu,True,float32,11,4,378,0.369140625,False,1,6,0.501187233627272,1024,4800,1760,220,1,80,40,4960,160,1024,explicit_codeblocks,explicit,decode_codeblocks_explicit,1,0,4915200,0.0,0,5,1.0,1.0,True,50,1000,2104.413866989489,2.104413866989489,0.042243655510471004,2.084715997625608,2.2778140009904746,2.055091666981923,0.04125356983444434,2.035855466431258,2.2244277353422603,0.06007009472952518,0.01146842264226435,0.048293944843180725,0.16582129092057585,486596.2993604977,856.409486874476,517219,1802240,0.28698674982244315,1024,1024,1.0
/opt/nvidia/cuBB/pyaerial/notebooks/ldpc_final_tesc/mcs_11/snr_01,gpu_plus_bus,cpu,True,float32,11,4,378,0.369140625,False,1,6,0.501187233627272,1024,4800,1760,220,1,80,40,4960,160,1024,explicit_codeblocks,explicit,decode_codeblocks_explicit,1,0,4915200,0.0,0,5,1.0,1.0,True,50,1000,15221.349736995762,15.221349736995762,1.0975287185389149,13.789455999358324,19.233410002925666,14.864599352534924,1.071805389198159,13.466265624373364,18.782626955982096,14.85753999120476,1.070686612560058,13.45975097777341,18.76951562351792,67273.9289020572,118.40211486762068,,1802240,,,1024,
/opt/nvidia/cuBB/pyaerial/notebooks/ldpc_final_tesc/mcs_11/snr_02,gpu_decode_only,gpu,True,float32,11,4,378,0.369140625,False,2,12,0.251188643150958,1024,4800,1760,220,1,80,40,4960,160,1024,explicit_codeblocks,explicit,decode_codeblocks_explicit,1,0,4915200,0.0,0,5,1.0,1.0,True,50,1000,2092.5349389472103,2.0925349389472103,0.02743781918554459,2.076589000353124,2.270367000164697,2.043491151315635,0.026794745298383386,2.0279189456573476,2.217155273598337,0.05997733504514713,0.008946598806915717,0.04900390848661118,0.10070117184568517,489358.6152091643,861.2711627681291,0,1802240,0.0,0,1024,0.0
/opt/nvidia/cuBB/pyaerial/notebooks/ldpc_final_tesc/mcs_11/snr_02,gpu_plus_bus,cpu,True,float32,11,4,378,0.369140625,False,2,12,0.251188643150958,1024,4800,1760,220,1,80,40,4960,160,1024,explicit_codeblocks,explicit,decode_codeblocks_explicit,1,0,4915200,0.0,0,5,1.0,1.0,True,50,1000,15218.150733991934,15.218150733991934,1.0206231906081507,13.786203999188729,18.444536999595584,14.861475326163996,0.9967023345782722,13.463089842957743,18.012243163667563,14.854439738243743,0.9957775439671491,13.456646481557755,18.00046874933514,67288.07053492698,118.42700414147149,,1802240,,,1024,
/opt/nvidia/cuBB/pyaerial/notebooks/ldpc_final_tesc/mcs_11/snr_03,gpu_decode_only,gpu,True,float32,11,4,378,0.369140625,False,3,18,0.125892541179417,1024,4800,1760,220,1,80,40,4960,160,1024,explicit_codeblocks,explicit,decode_codeblocks_explicit,1,0,4915200,0.0,0,5,1.0,1.0,True,50,1000,2086.384140937298,2.086384140937298,0.004216121335784665,2.0777070021722466,2.1309370022208896,2.03748451263408,0.004117305991977211,2.0290107443088345,2.0809931662313375,0.060562689427001715,0.01077324456711374,0.04941113118661633,0.1816425765355234,490801.27667188505,863.8102469425177,0,1802240,0.0,0,1024,0.0
/opt/nvidia/cuBB/pyaerial/notebooks/ldpc_final_tesc/mcs_11/snr_03,gpu_plus_bus,cpu,True,float32,11,4,378,0.369140625,False,3,18,0.125892541179417,1024,4800,1760,220,1,80,40,4960,160,1024,explicit_codeblocks,explicit,decode_codeblocks_explicit,1,0,4915200,0.0,0,5,1.0,1.0,True,50,1000,15010.819104947586,15.010819104947586,1.0814413210896823,13.655606999236625,18.506669999624137,14.659003032175377,1.056095040126643,13.335553710192016,18.072919921507946,14.651595525357664,1.0550346480643034,13.328678708290909,18.057547851668687,68217.46320708696,120.06273524447306,,1802240,,,1024,
/opt/nvidia/cuBB/pyaerial/notebooks/ldpc_final_tesc/mcs_11/snr_04,gpu_decode_only,gpu,True,float32,11,4,378,0.369140625,False,4,24,0.0630957344480193,1024,4800,1760,220,1,80,40,4960,160,1024,explicit_codeblocks,explicit,decode_codeblocks_explicit,1,0,4915200,0.0,0,5,1.0,1.0,True,50,1000,2097.8250130210654,2.0978250130210654,0.0421158894159388,2.0770419978362042,2.2764800014556386,2.048657239278384,0.04112879825775274,2.028361326011918,2.223125001421522,0.06297760351969828,0.019517197417118718,0.049157225845419816,0.42968457236725044,488124.6022161513,859.0992999004262,0,1802240,0.0,0,1024,0.0
/opt/nvidia/cuBB/pyaerial/notebooks/ldpc_final_tesc/mcs_11/snr_04,gpu_plus_bus,cpu,True,float32,11,4,378,0.369140625,False,4,24,0.0630957344480193,1024,4800,1760,220,1,80,40,4960,160,1024,explicit_codeblocks,explicit,decode_codeblocks_explicit,1,0,4915200,0.0,0,5,1.0,1.0,True,50,1000,14956.594188970485,14.956594188970485,1.1374170015084335,13.66563400006271,20.031564999953844,14.606049012666489,1.1107587905355796,13.34534570318624,19.562075195267425,14.598878597613663,1.1095213181827475,13.338607420365634,19.548464841534496,68464.78463359883,120.49802095513394,,1802240,,,1024,
/opt/nvidia/cuBB/pyaerial/notebooks/ldpc_final_tesc/mcs_11/snr_05,gpu_decode_only,gpu,True,float32,11,4,378,0.369140625,False,5,30,0.0316227766016838,1024,4800,1760,220,1,80,40,4960,160,1024,explicit_codeblocks,explicit,decode_codeblocks_explicit,1,0,4915200,0.0,0,5,1.0,1.0,True,50,1000,2097.3473339945485,2.0973473339945485,0.042944819048103045,2.0783319996553473,2.2726260031049605,2.0481907558540517,0.04193829985166313,2.029621093413425,2.219361331157188,0.05991932420101875,0.01031627899912828,0.048711914502064246,0.16683398484929057,488235.77449602424,859.2949631130026,0,1802240,0.0,0,1024,0.0
/opt/nvidia/cuBB/pyaerial/notebooks/ldpc_final_tesc/mcs_11/snr_05,gpu_plus_bus,cpu,True,float32,11,4,378,0.369140625,False,5,30,0.0316227766016838,1024,4800,1760,220,1,80,40,4960,160,1024,explicit_codeblocks,explicit,decode_codeblocks_explicit,1,0,4915200,0.0,0,5,1.0,1.0,True,50,1000,14917.8939539961,14.9178939539961,0.9920194857176352,13.664060999872163,17.860616997495526,14.568255814449316,0.9687690290211282,13.34380957018766,17.442008786616725,14.56132089835549,0.9677817732860349,13.338171875432181,17.429895507348192,68642.39705402237,120.81061881507938,,1802240,,,1024,
/opt/nvidia/cuBB/pyaerial/notebooks/ldpc_final_tesc/mcs_16/snr_00,gpu_decode_only,gpu,True,float32,16,4,658,0.642578125,False,0,0,1,1024,4352,2816,352,1,128,14,4608,256,1024,explicit_codeblocks,explicit,decode_codeblocks_explicit,1,0,4456448,0.0,0,5,1.0,1.0,True,50,1000,1985.4935919356649,1.9854935919356649,0.0036324644510560247,1.9768870006373618,2.0005270016554277,1.9389585858746727,0.003547328565484399,1.9305537115599236,1.9536396500541287,0.06041532811451589,0.009379107867329683,0.04875097658896266,0.08971289133796745,515740.7730546734,1452.3260169219602,1073168,2883584,0.3721646395596591,1024,1024,1.0
/opt/nvidia/cuBB/pyaerial/notebooks/ldpc_final_tesc/mcs_16/snr_00,gpu_plus_bus,cpu,True,float32,16,4,658,0.642578125,False,0,0,1,1024,4352,2816,352,1,128,14,4608,256,1024,explicit_codeblocks,explicit,decode_codeblocks_explicit,1,0,4456448,0.0,0,5,1.0,1.0,True,50,1000,13853.296057994157,13.853296057994157,1.0651428197379098,12.56939999802853,17.584224999154685,13.52860943163492,1.0401785349003025,12.274804685574736,17.172094725736997,13.521709067312315,1.0391283900286044,12.26878417881494,17.158801757233277,73917.4269945016,208.15147441651652,,2883584,,,1024,
/opt/nvidia/cuBB/pyaerial/notebooks/ldpc_final_tesc/mcs_16/snr_01,gpu_decode_only,gpu,True,float32,16,4,658,0.642578125,False,1,6,0.501187233627272,1024,4352,2816,352,1,128,14,4608,256,1024,explicit_codeblocks,explicit,decode_codeblocks_explicit,1,0,4456448,0.0,0,5,1.0,1.0,True,50,1000,1989.313967005728,1.989313967005728,0.02467940798522446,1.9762209994951263,2.171310999983689,1.9426894209040313,0.024100984360570767,1.9299033198194593,2.120420898421571,0.061229454203726164,0.018856254393014037,0.04854687674082925,0.46990820479209106,514750.31944872055,1449.536899567597,716821,2883584,0.2485868280584162,1024,1024,1.0
/opt/nvidia/cuBB/pyaerial/notebooks/ldpc_final_tesc/mcs_16/snr_01,gpu_plus_bus,cpu,True,float32,16,4,658,0.642578125,False,1,6,0.501187233627272,1024,4352,2816,352,1,128,14,4608,256,1024,explicit_codeblocks,explicit,decode_codeblocks_explicit,1,0,4456448,0.0,0,5,1.0,1.0,True,50,1000,13951.537983004528,13.951537983004528,1.086637780342542,12.596706001204439,17.45889499943587,13.624548811527859,1.0611697073657635,12.30147070430121,17.04970214788659,13.617730844742939,1.060093595748515,12.294771483567501,17.038285154313826,73396.92593371536,206.68574342934247,,2883584,,,1024,
/opt/nvidia/cuBB/pyaerial/notebooks/ldpc_final_tesc/mcs_16/snr_02,gpu_decode_only,gpu,True,float32,16,4,658,0.642578125,False,2,12,0.251188643150958,1024,4352,2816,352,1,128,14,4608,256,1024,explicit_codeblocks,explicit,decode_codeblocks_explicit,1,0,4456448,0.0,0,5,1.0,1.0,True,50,1000,1984.8451310317614,1.9848451310317614,0.00393627831710861,1.9759729984798469,2.0297080009186175,1.9383253232732045,0.0038440217940513767,1.9296611313279755,1.9821367196470874,0.05955528707701774,0.0102101314406745,0.048573241429039626,0.18903125109659413,515909.2686831968,1452.8005006118822,188632,2883584,0.06541581587357954,1024,1024,1.0
/opt/nvidia/cuBB/pyaerial/notebooks/ldpc_final_tesc/mcs_16/snr_02,gpu_plus_bus,cpu,True,float32,16,4,658,0.642578125,False,2,12,0.251188643150958,1024,4352,2816,352,1,128,14,4608,256,1024,explicit_codeblocks,explicit,decode_codeblocks_explicit,1,0,4456448,0.0,0,5,1.0,1.0,True,50,1000,13886.512094974023,13.886512094974023,1.1076040534508318,12.598392997460905,18.5154219980177,13.56104696774807,1.0816445834480781,12.303118161582915,18.08146679493916,13.554193541043704,1.0806174919047262,12.2975302723205,18.06747460975089,73740.61917035442,207.65358358371807,,2883584,,,1024,
/opt/nvidia/cuBB/pyaerial/notebooks/ldpc_final_tesc/mcs_16/snr_03,gpu_decode_only,gpu,True,float32,16,4,658,0.642578125,False,3,18,0.125892541179417,1024,4352,2816,352,1,128,14,4608,256,1024,explicit_codeblocks,explicit,decode_codeblocks_explicit,1,0,4456448,0.0,0,5,1.0,1.0,True,50,1000,1985.7750700612087,1.9857750700612087,0.007864305356854874,1.9762890005949885,2.1549990015046205,1.939233466856649,0.007679985700053589,1.9299697271435434,2.104491212406856,0.06150444721697568,0.013709803299884535,0.04823241894769126,0.2460498045309123,515667.66822610813,1452.1201537247205,0,2883584,0.0,0,1024,0.0
/opt/nvidia/cuBB/pyaerial/notebooks/ldpc_final_tesc/mcs_16/snr_03,gpu_plus_bus,cpu,True,float32,16,4,658,0.642578125,False,3,18,0.125892541179417,1024,4352,2816,352,1,128,14,4608,256,1024,explicit_codeblocks,explicit,decode_codeblocks_explicit,1,0,4456448,0.0,0,5,1.0,1.0,True,50,1000,15764.096863917075,15.764096863917075,3.217286747781516,12.416028999723494,27.028689000871964,15.394625843669019,3.1418815896303864,12.125028320042475,26.395204102414027,15.385689407160895,3.13929169399557,12.119259764631352,26.38178710867578,64957.73331257974,182.92097700822455,,2883584,,,1024,
/opt/nvidia/cuBB/pyaerial/notebooks/ldpc_final_tesc/mcs_16/snr_04,gpu_decode_only,gpu,True,float32,16,4,658,0.642578125,False,4,24,0.0630957344480193,1024,4352,2816,352,1,128,14,4608,256,1024,explicit_codeblocks,explicit,decode_codeblocks_explicit,1,0,4456448,0.0,0,5,1.0,1.0,True,50,1000,1994.5147700091184,1.9945147700091184,0.03272359965164606,1.9767159974435344,2.1515240005101077,1.9477683300870297,0.031956640284810614,1.9303867162534516,2.101097656748152,0.062035740224786196,0.017986511604835782,0.04909277251385902,0.44576172086863153,513408.0807009108,1445.757155253765,0,2883584,0.0,0,1024,0.0
/opt/nvidia/cuBB/pyaerial/notebooks/ldpc_final_tesc/mcs_16/snr_04,gpu_plus_bus,cpu,True,float32,16,4,658,0.642578125,False,4,24,0.0630957344480193,1024,4352,2816,352,1,128,14,4608,256,1024,explicit_codeblocks,explicit,decode_codeblocks_explicit,1,0,4456448,0.0,0,5,1.0,1.0,True,50,1000,13500.236422947637,13.500236422947637,1.0951555267016324,12.237916998856235,19.812530998024158,13.183824631784802,1.069487819044563,11.951090819195542,19.348174802757967,13.177011161104701,1.0683995743816779,11.944902343685726,19.332159180152075,75850.52349597447,213.59507416466408,,2883584,,,1024,
/opt/nvidia/cuBB/pyaerial/notebooks/ldpc_final_tesc/mcs_16/snr_05,gpu_decode_only,gpu,True,float32,16,4,658,0.642578125,False,5,30,0.0316227766016838,1024,4352,2816,352,1,128,14,4608,256,1024,explicit_codeblocks,explicit,decode_codeblocks_explicit,1,0,4456448,0.0,0,5,1.0,1.0,True,50,1000,1985.8221580252575,1.9858221580252575,0.005396599856687993,1.9764980024774559,2.052566000202205,1.9392794511965405,0.005270117047546868,1.9301738305443905,2.004458984572466,0.06271610548225226,0.013306532036724324,0.049666990520336185,0.22199414217993763,515655.4406756578,1452.0857209426524,0,2883584,0.0,0,1024,0.0
/opt/nvidia/cuBB/pyaerial/notebooks/ldpc_final_tesc/mcs_16/snr_05,gpu_plus_bus,cpu,True,float32,16,4,658,0.642578125,False,5,30,0.0316227766016838,1024,4352,2816,352,1,128,14,4608,256,1024,explicit_codeblocks,explicit,decode_codeblocks_explicit,1,0,4456448,0.0,0,5,1.0,1.0,True,50,1000,13631.681512051728,13.631681512051728,1.2122003571035742,12.202387002616888,26.405718999740202,13.312188976613015,1.1837894112339593,11.916393557243055,25.78683496068379,13.305486349555194,1.182778140372878,11.911757813010126,25.774593751748398,75119.12591962222,211.53545858965617,,2883584,,,1024,
/opt/nvidia/cuBB/pyaerial/notebooks/ldpc_final_tesc/mcs_17/snr_00,gpu_decode_only,gpu,True,float32,17,6,438,0.427734375,False,0,0,1,1024,6528,2816,352,1,128,31,6784,256,1024,explicit_codeblocks,explicit,decode_codeblocks_explicit,1,0,6684672,0.0,0,5,1.0,1.0,True,50,1000,2200.0869409457664,2.2000869409457664,0.03002558882652299,2.183975997468224,2.3905660018499475,2.14852240326735,0.029321864088401355,2.1327890600275623,2.3345371111815894,0.060487271444031876,0.009996374084377133,0.04942285158904269,0.13518261710032675,465436.1520639753,1310.6682042121545,1225608,2883584,0.42502940784801135,1024,1024,1.0
/opt/nvidia/cuBB/pyaerial/notebooks/ldpc_final_tesc/mcs_17/snr_00,gpu_plus_bus,cpu,True,float32,17,6,438,0.427734375,False,0,0,1,1024,6528,2816,352,1,128,31,6784,256,1024,explicit_codeblocks,explicit,decode_codeblocks_explicit,1,0,6684672,0.0,0,5,1.0,1.0,True,50,1000,18943.220834917156,18.943220834917156,1.5976346911552326,17.22656600031769,25.15289599978132,18.49923909659878,1.5601901280812818,16.822818359685243,24.563374999786447,18.491005321365606,1.5586105237229513,16.813911130952874,24.54450976685507,54056.277384071276,152.2224771135447,,2883584,,,1024,
/opt/nvidia/cuBB/pyaerial/notebooks/ldpc_final_tesc/mcs_17/snr_01,gpu_decode_only,gpu,True,float32,17,6,438,0.427734375,False,1,6,0.501187233627272,1024,6528,2816,352,1,128,31,6784,256,1024,explicit_codeblocks,explicit,decode_codeblocks_explicit,1,0,6684672,0.0,0,5,1.0,1.0,True,50,1000,2205.4918370085943,2.2054918370085943,0.04546117761585433,2.1848159994988237,2.391809997789096,2.153800622078706,0.044395681265482746,2.13360937451057,2.335751950965914,0.05912263473462076,0.008723245454344462,0.04880175907828743,0.13684472577324414,464295.5293767472,1307.4562107249203,996684,2883584,0.34564070268110797,1024,1024,1.0
/opt/nvidia/cuBB/pyaerial/notebooks/ldpc_final_tesc/mcs_17/snr_01,gpu_plus_bus,cpu,True,float32,17,6,438,0.427734375,False,1,6,0.501187233627272,1024,6528,2816,352,1,128,31,6784,256,1024,explicit_codeblocks,explicit,decode_codeblocks_explicit,1,0,6684672,0.0,0,5,1.0,1.0,True,50,1000,19122.397991948674,19.122397991948674,1.604362295679994,17.3098579980433,25.59740799915744,18.674216789012373,1.5667600543749942,16.90415820121416,24.997468749177187,18.665945597593495,1.5652271015418557,16.89586328268433,24.984842774244953,53549.76925128044,150.79615021160572,,2883584,,,1024,
/opt/nvidia/cuBB/pyaerial/notebooks/ldpc_final_tesc/mcs_17/snr_02,gpu_decode_only,gpu,True,float32,17,6,438,0.427734375,False,2,12,0.251188643150958,1024,6528,2816,352,1,128,31,6784,256,1024,explicit_codeblocks,explicit,decode_codeblocks_explicit,1,0,6684672,0.0,0,5,1.0,1.0,True,50,1000,2199.097500026255,2.199097500026255,0.02732626198118746,2.184871002100408,2.3921719985082746,2.1475561523693893,0.026685802716003376,2.1336630879886798,2.336105467293237,0.06254545808559442,0.014550815070257624,0.049874024909968284,0.21870898692100127,465645.56595956953,1311.2579137421476,626003,2883584,0.21709199385209518,1024,1024,1.0
/opt/nvidia/cuBB/pyaerial/notebooks/ldpc_final_tesc/mcs_17/snr_02,gpu_plus_bus,cpu,True,float32,17,6,438,0.427734375,False,2,12,0.251188643150958,1024,6528,2816,352,1,128,31,6784,256,1024,explicit_codeblocks,explicit,decode_codeblocks_explicit,1,0,6684672,0.0,0,5,1.0,1.0,True,50,1000,19202.53169501666,19.20253169501666,1.5932305655666321,17.29331699971226,24.40053699683631,18.752472358414707,1.5558892241861642,16.888004882531504,23.828649410972957,18.744091551841535,1.55453861945624,16.880868166424534,23.814642577946188,53326.30177435109,150.1668657965727,,2883584,,,1024,
/opt/nvidia/cuBB/pyaerial/notebooks/ldpc_final_tesc/mcs_17/snr_03,gpu_decode_only,gpu,True,float32,17,6,438,0.427734375,False,3,18,0.125892541179417,1024,6528,2816,352,1,128,31,6784,256,1024,explicit_codeblocks,explicit,decode_codeblocks_explicit,1,0,6684672,0.0,0,5,1.0,1.0,True,50,1000,2199.40508198124,2.19940508198124,0.031684863756360135,2.184605000365991,2.386931999353692,2.1478565253723043,0.030942249762070443,2.1334033206699132,2.33098828061884,0.0604329755375943,0.014862752349551343,0.04895312244457273,0.2629609348048234,465580.44645308057,1311.074537211875,0,2883584,0.0,0,1024,0.0
/opt/nvidia/cuBB/pyaerial/notebooks/ldpc_final_tesc/mcs_17/snr_03,gpu_plus_bus,cpu,True,float32,17,6,438,0.427734375,False,3,18,0.125892541179417,1024,6528,2816,352,1,128,31,6784,256,1024,explicit_codeblocks,explicit,decode_codeblocks_explicit,1,0,6684672,0.0,0,5,1.0,1.0,True,50,1000,19148.416538966558,19.148416538966558,1.4803905585366453,17.440905998228118,24.265202999231406,18.69962552633453,1.4456939048209425,17.032134763894646,23.69648730393692,18.69168216403949,1.4445583662785941,17.024863282699698,23.684669923085266,53477.00672356824,150.59125093356818,,2883584,,,1024,
/opt/nvidia/cuBB/pyaerial/notebooks/ldpc_final_tesc/mcs_17/snr_04,gpu_decode_only,gpu,True,float32,17,6,438,0.427734375,False,4,24,0.0630957344480193,1024,6528,2816,352,1,128,31,6784,256,1024,explicit_codeblocks,explicit,decode_codeblocks_explicit,1,0,6684672,0.0,0,5,1.0,1.0,True,50,1000,2205.1507819996914,2.2051507819996914,0.04585775294075588,2.183666998462286,2.3946469991642516,2.1534675605465736,0.044782961856206914,2.132487303185826,2.3385224601213395,0.06067925583508327,0.009754036783240981,0.04919921892110324,0.132520508344669,464367.33866851893,1307.6584256905492,0,2883584,0.0,0,1024,0.0
/opt/nvidia/cuBB/pyaerial/notebooks/ldpc_final_tesc/mcs_17/snr_04,gpu_plus_bus,cpu,True,float32,17,6,438,0.427734375,False,4,24,0.0630957344480193,1024,6528,2816,352,1,128,31,6784,256,1024,explicit_codeblocks,explicit,decode_codeblocks_explicit,1,0,6684672,0.0,0,5,1.0,1.0,True,50,1000,18774.254977986857,18.774254977986857,1.5394189091083181,16.996067999571096,23.258712997630937,18.33423337694029,1.5033387784260919,16.59772265583115,22.713586911748962,18.326357203118707,1.50191264817199,16.591311524649655,22.69869042947903,54542.77686122075,153.59245964119762,,2883584,,,1024,
/opt/nvidia/cuBB/pyaerial/notebooks/ldpc_final_tesc/mcs_17/snr_05,gpu_decode_only,gpu,True,float32,17,6,438,0.427734375,False,5,30,0.0316227766016838,1024,6528,2816,352,1,128,31,6784,256,1024,explicit_codeblocks,explicit,decode_codeblocks_explicit,1,0,6684672,0.0,0,5,1.0,1.0,True,50,1000,2195.6289759546053,2.1956289759546053,0.016304016454257074,2.1857519968762062,2.3851649966672994,2.144168921830669,0.015921891068610423,2.13452343444942,2.3292626920579096,0.059826987342859184,0.011017212518972044,0.048710937505802576,0.18280468694342744,466381.1651305021,1313.329361007494,0,2883584,0.0,0,1024,0.0
/opt/nvidia/cuBB/pyaerial/notebooks/ldpc_final_tesc/mcs_17/snr_05,gpu_plus_bus,cpu,True,float32,17,6,438,0.427734375,False,5,30,0.0316227766016838,1024,6528,2816,352,1,128,31,6784,256,1024,explicit_codeblocks,explicit,decode_codeblocks_explicit,1,0,6684672,0.0,0,5,1.0,1.0,True,50,1000,18568.728154899873,18.568728154899873,1.4777909195697858,16.800016001070617,22.995726998487953,18.133523588769407,1.443155194892369,16.406265626045524,22.45676464696089,18.12588805458759,1.4418764123790633,16.399815429224418,22.443240233371853,55146.48022512997,155.292488313966,,2883584,,,1024,
/opt/nvidia/cuBB/pyaerial/notebooks/ldpc_final_tesc/mcs_23/snr_00,gpu_decode_only,gpu,True,float32,23,6,719,0.7021484375,False,0,0,1,1024,6944,4928,616,1,224,11,7392,448,1024,explicit_codeblocks,explicit,decode_codeblocks_explicit,1,0,7110656,0.0,0,5,1.0,1.0,True,50,1000,2244.980868890707,2.244980868890707,0.03525751222332428,2.230185997177614,2.462722000927897,2.192364129776081,0.03443116428059012,2.1779160128687636,2.4050019540311496,0.0603068476081603,0.008692783915424237,0.04856054758306527,0.12221484624319601,456128.60857294535,2247.801783047475,2086614,5046272,0.413496141309862,1024,1024,1.0
/opt/nvidia/cuBB/pyaerial/notebooks/ldpc_final_tesc/mcs_23/snr_00,gpu_plus_bus,cpu,True,float32,23,6,719,0.7021484375,False,0,0,1,1024,6944,4928,616,1,224,11,7392,448,1024,explicit_codeblocks,explicit,decode_codeblocks_explicit,1,0,7110656,0.0,0,5,1.0,1.0,True,50,1000,20440.202872050577,20.440202872050577,1.6458132430962749,18.51545099998475,25.016817002324387,19.96113561723689,1.607239495211206,18.081495117172608,24.43048535383241,19.952594438517934,1.606183956591116,18.074101561182943,24.413560545610835,50097.3501295426,246.87974143838593,,5046272,,,1024,
/opt/nvidia/cuBB/pyaerial/notebooks/ldpc_final_tesc/mcs_23/snr_01,gpu_decode_only,gpu,True,float32,23,6,719,0.7021484375,False,1,6,0.501187233627272,1024,6944,4928,616,1,224,11,7392,448,1024,explicit_codeblocks,explicit,decode_codeblocks_explicit,1,0,7110656,0.0,0,5,1.0,1.0,True,50,1000,2250.0831370416563,2.2500831370416563,0.045753797636640677,2.228416000434663,2.4381889998039696,2.1973468135172425,0.04468144300453191,2.1761875004244757,2.381043945121064,0.060564867158774405,0.0166624225960683,0.0488212883453798,0.4547568366319865,455094.2954696,2242.7046880741887,1643056,5046272,0.32559798599837664,1024,1024,1.0
/opt/nvidia/cuBB/pyaerial/notebooks/ldpc_final_tesc/mcs_23/snr_01,gpu_plus_bus,cpu,True,float32,23,6,719,0.7021484375,False,1,6,0.501187233627272,1024,6944,4928,616,1,224,11,7392,448,1024,explicit_codeblocks,explicit,decode_codeblocks_explicit,1,0,7110656,0.0,0,5,1.0,1.0,True,50,1000,20540.85694911555,20.54085694911555,1.7039748335527833,18.520941001042956,26.260639999236446,20.059430614370655,1.66403792339139,18.086856446331012,25.64515624925434,20.051322596621905,1.6625999814151629,18.081780272183323,25.631896484412664,49851.86365577077,245.66998409563837,,5046272,,,1024,
/opt/nvidia/cuBB/pyaerial/notebooks/ldpc_final_tesc/mcs_23/snr_02,gpu_decode_only,gpu,True,float32,23,6,719,0.7021484375,False,2,12,0.251188643150958,1024,6944,4928,616,1,224,11,7392,448,1024,explicit_codeblocks,explicit,decode_codeblocks_explicit,1,0,7110656,0.0,0,5,1.0,1.0,True,50,1000,2244.8020059164264,2.2448020059164264,0.03539604828043855,2.2293910005828366,2.4384580028709024,2.19218945890276,0.034566453398865764,2.1771396490066763,2.3813066434286156,0.05848119248597072,0.009435199062801653,0.04910156192750037,0.19098535375405845,456164.95232146693,2247.980885040189,1059460,5046272,0.20994904753449675,1024,1024,1.0
/opt/nvidia/cuBB/pyaerial/notebooks/ldpc_final_tesc/mcs_23/snr_02,gpu_plus_bus,cpu,True,float32,23,6,719,0.7021484375,False,2,12,0.251188643150958,1024,6944,4928,616,1,224,11,7392,448,1024,explicit_codeblocks,explicit,decode_codeblocks_explicit,1,0,7110656,0.0,0,5,1.0,1.0,True,50,1000,20810.908447961992,20.810908447961992,2.437689025049445,18.735919999016915,37.12563999943086,20.323152781212883,2.3805556885248484,18.296796874039956,36.2555078119442,20.314687335886813,2.3790017775134578,18.28945214654709,36.2403125002686,49204.96395246408,242.48206235774296,,5046272,,,1024,
/opt/nvidia/cuBB/pyaerial/notebooks/ldpc_final_tesc/mcs_23/snr_03,gpu_decode_only,gpu,True,float32,23,6,719,0.7021484375,False,3,18,0.125892541179417,1024,6944,4928,616,1,224,11,7392,448,1024,explicit_codeblocks,explicit,decode_codeblocks_explicit,1,0,7110656,0.0,0,5,1.0,1.0,True,50,1000,2238.707970991527,2.238707970991527,0.007438695321478628,2.22785099686007,2.325000998098403,2.1862382529214126,0.0072643508998814724,2.1756357391211623,2.270508787205472,0.06114762107145566,0.016715875697215388,0.04824413935011762,0.26147949228061407,457406.68871003704,2254.1001619630624,240130,5046272,0.04758562360491071,1024,1024,1.0
/opt/nvidia/cuBB/pyaerial/notebooks/ldpc_final_tesc/mcs_23/snr_03,gpu_plus_bus,cpu,True,float32,23,6,719,0.7021484375,False,3,18,0.125892541179417,1024,6944,4928,616,1,224,11,7392,448,1024,explicit_codeblocks,explicit,decode_codeblocks_explicit,1,0,7110656,0.0,0,5,1.0,1.0,True,50,1000,20672.653696030466,20.672653696030466,1.8258432660853996,18.74994600075297,37.23062299832236,20.188138375029755,1.783050064536523,18.310494141360323,36.35803027179918,20.179421998033575,1.781678545360196,18.302047852358783,36.34535742236267,49534.03733535318,244.10373598862046,,5046272,,,1024,
/opt/nvidia/cuBB/pyaerial/notebooks/ldpc_final_tesc/mcs_23/snr_04,gpu_decode_only,gpu,True,float32,23,6,719,0.7021484375,False,4,24,0.0630957344480193,1024,6944,4928,616,1,224,11,7392,448,1024,explicit_codeblocks,explicit,decode_codeblocks_explicit,1,0,7110656,0.0,0,5,1.0,1.0,True,50,1000,2239.411968010245,2.239411968010245,0.0075338550749050924,2.228310000646161,2.310025996848708,2.1869257500100048,0.007357280346587004,2.1760839850060165,2.2558847625475664,0.062350511722542024,0.019108143358075882,0.0484589861571294,0.23113476643743525,457262.8951830784,2253.391547462211,0,5046272,0.0,0,1024,0.0
/opt/nvidia/cuBB/pyaerial/notebooks/ldpc_final_tesc/mcs_23/snr_04,gpu_plus_bus,cpu,True,float32,23,6,719,0.7021484375,False,4,24,0.0630957344480193,1024,6944,4928,616,1,224,11,7392,448,1024,explicit_codeblocks,explicit,decode_codeblocks_explicit,1,0,7110656,0.0,0,5,1.0,1.0,True,50,1000,20208.92977898984,20.20892977898984,1.8396520788344755,18.319725997571368,36.540796001645504,19.73528298729477,1.7965352332367925,17.89035741950329,35.68437109535694,19.72584454392745,1.7952035396119272,17.88107226374791,35.66744628713536,50670.66941192496,249.70505886196622,,5046272,,,1024,
/opt/nvidia/cuBB/pyaerial/notebooks/ldpc_final_tesc/mcs_23/snr_05,gpu_decode_only,gpu,True,float32,23,6,719,0.7021484375,False,5,30,0.0316227766016838,1024,6944,4928,616,1,224,11,7392,448,1024,explicit_codeblocks,explicit,decode_codeblocks_explicit,1,0,7110656,0.0,0,5,1.0,1.0,True,50,1000,2245.2070499639376,2.2452070499639376,0.033743152045186374,2.229518002422992,2.4433319995296188,2.192585009730408,0.03295229691912732,2.1772636742412033,2.3860664057906433,0.061885472682376985,0.015176711257329493,0.04912304518711608,0.21909863079372371,456082.6583973391,2247.575340582087,0,5046272,0.0,0,1024,0.0
/opt/nvidia/cuBB/pyaerial/notebooks/ldpc_final_tesc/mcs_23/snr_05,gpu_plus_bus,cpu,True,float32,23,6,719,0.7021484375,False,5,30,0.0316227766016838,1024,6944,4928,616,1,224,11,7392,448,1024,explicit_codeblocks,explicit,decode_codeblocks_explicit,1,0,7110656,0.0,0,5,1.0,1.0,True,50,1000,21037.45964602058,21.03745964602058,2.660853714766349,18.0611330033571,34.80423200016958,20.544394185566972,2.598489955826513,17.637825198590917,33.9885078126656,20.53523825879111,2.5967124149938003,17.62815331929346,33.97376464775448,48675.0785137548,239.87078691578367,,5046272,,,1024,
/opt/nvidia/cuBB/pyaerial/notebooks/ldpc_final_tesc/mcs_27/snr_00,gpu_decode_only,gpu,True,float32,27,6,910,0.888671875,False,0,0,1,1024,6400,5632,704,1,256,5,6912,512,1024,explicit_codeblocks,explicit,decode_codeblocks_explicit,1,0,6553600,0.0,0,5,1.0,1.0,True,50,1000,2156.6099780138757,2.1566099780138757,0.0456415251456706,2.134325997758424,2.3382949984807055,2.106064431654176,0.044571801900068944,2.084302732185961,2.283491209453814,0.060793511774903664,0.009238097137089278,0.048845702593780516,0.11520800669018172,474819.2813904395,2674.1821927909555,2377760,5767168,0.41229248046875,1024,1024,1.0
/opt/nvidia/cuBB/pyaerial/notebooks/ldpc_final_tesc/mcs_27/snr_00,gpu_plus_bus,cpu,True,float32,27,6,910,0.888671875,False,0,0,1,1024,6400,5632,704,1,256,5,6912,512,1024,explicit_codeblocks,explicit,decode_codeblocks_explicit,1,0,6553600,0.0,0,5,1.0,1.0,True,50,1000,19357.452304921026,19.357452304921026,1.7172026278109074,17.36732399876928,26.78166699843132,18.903762016524436,1.6769556912215893,16.960277342548125,26.153971678155585,18.8951953594092,1.675394179104453,16.949527346099558,26.139827149052053,52899.52333963288,297.9301154488124,,5767168,,,1024,
/opt/nvidia/cuBB/pyaerial/notebooks/ldpc_final_tesc/mcs_27/snr_01,gpu_decode_only,gpu,True,float32,27,6,910,0.888671875,False,1,6,0.501187233627272,1024,6400,5632,704,1,256,5,6912,512,1024,explicit_codeblocks,explicit,decode_codeblocks_explicit,1,0,6553600,0.0,0,5,1.0,1.0,True,50,1000,2146.3918770350574,2.1463918770350574,0.012647739872508976,2.1356809993449133,2.3369190021185204,2.096085817417048,0.012351308469247048,2.085625975922767,2.2821474630063676,0.06192542968008752,0.01772676580203288,0.04955273524842596,0.32034375152534267,477079.7033645664,2686.912889349238,1866920,5767168,0.3237152099609375,1024,1024,1.0
/opt/nvidia/cuBB/pyaerial/notebooks/ldpc_final_tesc/mcs_27/snr_01,gpu_plus_bus,cpu,True,float32,27,6,910,0.888671875,False,1,6,0.501187233627272,1024,6400,5632,704,1,256,5,6912,512,1024,explicit_codeblocks,explicit,decode_codeblocks_explicit,1,0,6553600,0.0,0,5,1.0,1.0,True,50,1000,19355.352270005824,19.355352270005824,1.603364695340889,17.576266000105534,28.95350899780169,18.901711201177562,1.5657858352938372,17.16432226572806,28.274911130665714,18.89333383396874,1.5644986036871738,17.15716406280876,28.256853518371372,52905.26288105072,297.9624405460777,,5767168,,,1024,
/opt/nvidia/cuBB/pyaerial/notebooks/ldpc_final_tesc/mcs_27/snr_02,gpu_decode_only,gpu,True,float32,27,6,910,0.888671875,False,2,12,0.251188643150958,1024,6400,5632,704,1,256,5,6912,512,1024,explicit_codeblocks,explicit,decode_codeblocks_explicit,1,0,6553600,0.0,0,5,1.0,1.0,True,50,1000,2151.6904010786675,2.1516904010786675,0.03355377334072027,2.1357069999794476,2.3357339996437076,2.1012601573033862,0.03276735677804713,2.0856513671674293,2.2809902340270582,0.06254465825250577,0.015577871413416435,0.0494902359093885,0.2658007822731179,475904.8976036036,2680.2963833034955,1180358,5767168,0.20466856522993607,1024,1024,1.0
/opt/nvidia/cuBB/pyaerial/notebooks/ldpc_final_tesc/mcs_27/snr_02,gpu_plus_bus,cpu,True,float32,27,6,910,0.888671875,False,2,12,0.251188643150958,1024,6400,5632,704,1,256,5,6912,512,1024,explicit_codeblocks,explicit,decode_codeblocks_explicit,1,0,6553600,0.0,0,5,1.0,1.0,True,50,1000,20375.601335963438,20.375601335963438,2.0696447735241006,17.517479001980973,35.111649998725625,19.898048179651795,2.0211374741446293,17.106913087872044,34.28872070188049,19.888796242163664,2.0197698025598245,17.099598633052437,34.27107128928242,50256.18547967047,283.0428366215041,,5767168,,,1024,
/opt/nvidia/cuBB/pyaerial/notebooks/ldpc_final_tesc/mcs_27/snr_03,gpu_decode_only,gpu,True,float32,27,6,910,0.888671875,False,3,18,0.125892541179417,1024,6400,5632,704,1,256,5,6912,512,1024,explicit_codeblocks,explicit,decode_codeblocks_explicit,1,0,6553600,0.0,0,5,1.0,1.0,True,50,1000,2157.502336001926,2.157502336001926,0.044843651890740424,2.135542999894824,2.394328999798745,2.106935875001881,0.04379262879955119,2.085491210834789,2.338211913865962,0.06979070316504021,0.025035599352934115,0.049291017489849764,0.254258790022277,474622.8928296678,2673.076132416689,603414,5767168,0.10462916981090199,1024,1024,1.0
/opt/nvidia/cuBB/pyaerial/notebooks/ldpc_final_tesc/mcs_27/snr_03,gpu_plus_bus,cpu,True,float32,27,6,910,0.888671875,False,3,18,0.125892541179417,1024,6400,5632,704,1,256,5,6912,512,1024,explicit_codeblocks,explicit,decode_codeblocks_explicit,1,0,6553600,0.0,0,5,1.0,1.0,True,50,1000,19810.11390296044,19.81011390296044,1.6542042688801284,17.63777200176264,25.460706998273963,19.345814358359803,1.6154338563282502,17.22438672047133,24.863971678001917,19.336856620121523,1.6136325621918348,17.212251954390467,24.85275878783,51690.767908556685,291.12240486099125,,5767168,,,1024,
/opt/nvidia/cuBB/pyaerial/notebooks/ldpc_final_tesc/mcs_27/snr_04,gpu_decode_only,gpu,True,float32,27,6,910,0.888671875,False,4,24,0.0630957344480193,1024,6400,5632,704,1,256,5,6912,512,1024,explicit_codeblocks,explicit,decode_codeblocks_explicit,1,0,6553600,0.0,0,5,1.0,1.0,True,50,1000,2150.463736987149,2.150463736987149,0.030546630654010278,2.134879003278911,2.347232999454718,2.1000622431515126,0.02983069399805691,2.0848427766395616,2.292219726029998,0.06181708796049179,0.01506856170323739,0.04917285068017918,0.2888222674357621,476176.3625154863,2681.8252736872187,0,5767168,0.0,0,1024,0.0
/opt/nvidia/cuBB/pyaerial/notebooks/ldpc_final_tesc/mcs_27/snr_04,gpu_plus_bus,cpu,True,float32,27,6,910,0.888671875,False,4,24,0.0630957344480193,1024,6400,5632,704,1,256,5,6912,512,1024,explicit_codeblocks,explicit,decode_codeblocks_explicit,1,0,6553600,0.0,0,5,1.0,1.0,True,50,1000,18976.487887932308,18.976487887932308,1.5924709929459209,17.225841998879332,34.059654997690814,18.531726453058894,1.555147454048751,16.822111327030598,33.261381833682435,18.523811847753535,1.5538046802565046,16.81398925512667,33.24574706908834,53961.51311282373,303.91124185142326,,5767168,,,1024,
/opt/nvidia/cuBB/pyaerial/notebooks/ldpc_final_tesc/mcs_27/snr_05,gpu_decode_only,gpu,True,float32,27,6,910,0.888671875,False,5,30,0.0316227766016838,1024,6400,5632,704,1,256,5,6912,512,1024,explicit_codeblocks,explicit,decode_codeblocks_explicit,1,0,6553600,0.0,0,5,1.0,1.0,True,50,1000,2156.2113510044583,2.1562113510044583,0.044264683482712036,2.1358980011427775,2.343964999454329,2.105675147465291,0.043227229963585974,2.0858378917409937,2.289028319779618,0.06285122761795492,0.015442926897750465,0.0495585936732823,0.2576513651320056,474907.06304044626,2674.676579043793,0,5767168,0.0,0,1024,0.0
/opt/nvidia/cuBB/pyaerial/notebooks/ldpc_final_tesc/mcs_27/snr_05,gpu_plus_bus,cpu,True,float32,27,6,910,0.888671875,False,5,30,0.0316227766016838,1024,6400,5632,704,1,256,5,6912,512,1024,explicit_codeblocks,explicit,decode_codeblocks_explicit,1,0,6553600,0.0,0,5,1.0,1.0,True,50,1000,18918.57707399322,18.91857707399322,1.4991667676300688,17.161388001113664,26.21997700043721,18.475172923821503,1.464030046513739,16.759167969837563,25.605446289489464,18.46709946586955,1.4627452138349628,16.75279394319773,25.589995118480147,54126.69229799851,304.8415310223276,,5767168,,,1024,
